date,time,tide
9/6/2021,0:00,6.33
9/6/2021,0:06,5.94
9/6/2021,0:12,5.57
9/6/2021,0:18,5.21
9/6/2021,0:24,4.87
9/6/2021,0:30,4.55
9/6/2021,0:36,4.22
9/6/2021,0:42,3.91
9/6/2021,0:48,3.62
9/6/2021,0:54,3.4
9/6/2021,1:00,3.24
9/6/2021,1:06,3.15
9/6/2021,1:12,3.16
9/6/2021,1:18,3.31
9/6/2021,1:24,3.62
9/6/2021,1:30,4.12
9/6/2021,1:36,4.8
9/6/2021,1:42,5.6
9/6/2021,1:48,6.47
9/6/2021,1:54,7.33
9/6/2021,2:00,8.19
9/6/2021,2:06,9.03
9/6/2021,2:12,9.85
9/6/2021,2:18,10.66
9/6/2021,2:24,11.43
9/6/2021,2:30,12.18
9/6/2021,2:36,12.92
9/6/2021,2:42,13.64
9/6/2021,2:48,14.31
9/6/2021,2:54,15.01
9/6/2021,3:00,15.68
9/6/2021,3:06,16.31
9/6/2021,3:12,16.88
9/6/2021,3:18,17.61
9/6/2021,3:24,18.37
9/6/2021,3:30,19.04
9/6/2021,3:36,19.65
9/6/2021,3:42,20.1
9/6/2021,3:48,20.59
9/6/2021,3:54,21.21
9/6/2021,4:00,21.8
9/6/2021,4:06,22.33
9/6/2021,4:12,22.8
9/6/2021,4:18,23.25
9/6/2021,4:24,23.67
9/6/2021,4:30,24.1
9/6/2021,4:36,24.54
9/6/2021,4:42,24.95
9/6/2021,4:48,25.35
9/6/2021,4:54,25.72
9/6/2021,5:00,26.09
9/6/2021,5:06,26.5
9/6/2021,5:12,26.85
9/6/2021,5:18,27.19
9/6/2021,5:24,27.54
9/6/2021,5:30,27.85
9/6/2021,5:36,28.14
9/6/2021,5:42,28.36
9/6/2021,5:48,28.6
9/6/2021,5:54,28.78
9/6/2021,6:00,28.95
9/6/2021,6:06,29.1
9/6/2021,6:12,29.26
9/6/2021,6:18,29.38
9/6/2021,6:24,29.45
9/6/2021,6:30,29.48
9/6/2021,6:36,29.46
9/6/2021,6:42,29.38
9/6/2021,6:48,29.25
9/6/2021,6:54,29.07
9/6/2021,7:00,28.84
9/6/2021,7:06,28.57
9/6/2021,7:12,28.27
9/6/2021,7:18,27.94
9/6/2021,7:24,27.59
9/6/2021,7:30,27.22
9/6/2021,7:36,26.83
9/6/2021,7:42,26.42
9/6/2021,7:48,26.01
9/6/2021,7:54,25.56
9/6/2021,8:00,25.1
9/6/2021,8:06,24.57
9/6/2021,8:12,24.06
9/6/2021,8:18,23.55
9/6/2021,8:24,23.01
9/6/2021,8:30,22.43
9/6/2021,8:36,21.86
9/6/2021,8:42,21.28
9/6/2021,8:48,20.72
9/6/2021,8:54,20.14
9/6/2021,9:00,19.57
9/6/2021,9:06,19.01
9/6/2021,9:12,18.43
9/6/2021,9:18,17.85
9/6/2021,9:24,17.26
9/6/2021,9:30,16.71
9/6/2021,9:36,16.14
9/6/2021,9:42,15.57
9/6/2021,9:48,15.03
9/6/2021,9:54,14.48
9/6/2021,10:00,13.94
9/6/2021,10:06,13.41
9/6/2021,10:12,12.88
9/6/2021,10:18,12.37
9/6/2021,10:24,11.85
9/6/2021,10:30,11.33
9/6/2021,10:36,10.82
9/6/2021,10:42,10.32
9/6/2021,10:48,9.82
9/6/2021,10:54,9.35
9/6/2021,11:00,8.87
9/6/2021,11:06,8.37
9/6/2021,11:12,7.88
9/6/2021,11:18,7.42
9/6/2021,11:24,6.94
9/6/2021,11:30,6.42
9/6/2021,11:36,5.87
9/6/2021,11:42,5.35
9/6/2021,11:48,4.88
9/6/2021,11:54,4.43
9/6/2021,12:00,3.98
9/6/2021,12:06,3.53
9/6/2021,12:12,3.08
9/6/2021,12:18,2.63
9/6/2021,12:24,2.18
9/6/2021,12:30,1.7
9/6/2021,12:36,1.22
9/6/2021,12:42,0.76
9/6/2021,12:48,0.34
9/6/2021,12:54,-0.08
9/6/2021,13:00,-0.47
9/6/2021,13:06,-0.82
9/6/2021,13:12,-1.16
9/6/2021,13:18,-1.44
9/6/2021,13:24,-1.69
9/6/2021,13:30,-1.88
9/6/2021,13:36,-2
9/6/2021,13:42,-2.04
9/6/2021,13:48,-1.93
9/6/2021,13:54,-1.61
9/6/2021,14:00,-1.04
9/6/2021,14:06,-0.25
9/6/2021,14:12,0.69
9/6/2021,14:18,1.75
9/6/2021,14:24,2.88
9/6/2021,14:30,4.02
9/6/2021,14:36,5.09
9/6/2021,14:42,6.08
9/6/2021,14:48,6.99
9/6/2021,14:54,7.85
9/6/2021,15:00,8.73
9/6/2021,15:06,9.62
9/6/2021,15:12,10.49
9/6/2021,15:18,11.37
9/6/2021,15:24,12.19
9/6/2021,15:30,12.99
9/6/2021,15:36,13.78
9/6/2021,15:42,14.48
9/6/2021,15:48,15.16
9/6/2021,15:54,15.8
9/6/2021,16:00,16.36
9/6/2021,16:06,17.01
9/6/2021,16:12,17.74
9/6/2021,16:18,18.4
9/6/2021,16:24,19.02
9/6/2021,16:30,19.64
9/6/2021,16:36,20.34
9/6/2021,16:42,20.99
9/6/2021,16:48,21.64
9/6/2021,16:54,22.14
9/6/2021,17:00,22.6
9/6/2021,17:06,23.03
9/6/2021,17:12,23.5
9/6/2021,17:18,23.98
9/6/2021,17:24,24.44
9/6/2021,17:30,24.86
9/6/2021,17:36,25.26
9/6/2021,17:42,25.64
9/6/2021,17:48,26.04
9/6/2021,17:54,26.4
9/6/2021,18:00,26.78
9/6/2021,18:06,27.15
9/6/2021,18:12,27.47
9/6/2021,18:18,27.76
9/6/2021,18:24,28.07
9/6/2021,18:30,28.34
9/6/2021,18:36,28.58
9/6/2021,18:42,28.78
9/6/2021,18:48,28.96
9/6/2021,18:54,29.1
9/6/2021,19:00,29.24
9/6/2021,19:06,29.36
9/6/2021,19:12,29.44
9/6/2021,19:18,29.48
9/6/2021,19:24,29.46
9/6/2021,19:30,29.39
9/6/2021,19:36,29.27
9/6/2021,19:42,29.09
9/6/2021,19:48,28.86
9/6/2021,19:54,28.6
9/6/2021,20:00,28.29
9/6/2021,20:06,27.95
9/6/2021,20:12,27.59
9/6/2021,20:18,27.21
9/6/2021,20:24,26.81
9/6/2021,20:30,26.41
9/6/2021,20:36,25.98
9/6/2021,20:42,25.52
9/6/2021,20:48,25.04
9/6/2021,20:54,24.52
9/6/2021,21:00,24
9/6/2021,21:06,23.47
9/6/2021,21:12,22.9
9/6/2021,21:18,22.35
9/6/2021,21:24,21.77
9/6/2021,21:30,21.19
9/6/2021,21:36,20.61
9/6/2021,21:42,20.02
9/6/2021,21:48,19.43
9/6/2021,21:54,18.84
9/6/2021,22:00,18.26
9/6/2021,22:06,17.69
9/6/2021,22:12,17.11
9/6/2021,22:18,16.54
9/6/2021,22:24,15.97
9/6/2021,22:30,15.41
9/6/2021,22:36,14.85
9/6/2021,22:42,14.29
9/6/2021,22:48,13.74
9/6/2021,22:54,13.25
9/6/2021,23:00,12.74
9/6/2021,23:06,12.21
9/6/2021,23:12,11.7
9/6/2021,23:18,11.22
9/6/2021,23:24,10.76
9/6/2021,23:30,10.29
9/6/2021,23:36,9.81
9/6/2021,23:42,9.3
9/6/2021,23:48,8.8
9/6/2021,23:54,8.35
9/11/2021,0:00,20.89
9/11/2021,0:06,20.27
9/11/2021,0:12,19.68
9/11/2021,0:18,19.06
9/11/2021,0:24,18.44
9/11/2021,0:30,17.84
9/11/2021,0:36,17.25
9/11/2021,0:42,16.67
9/11/2021,0:48,16.1
9/11/2021,0:54,15.53
9/11/2021,1:00,14.96
9/11/2021,1:06,14.41
9/11/2021,1:12,13.88
9/11/2021,1:18,13.35
9/11/2021,1:24,12.8
9/11/2021,1:30,12.27
9/11/2021,1:36,11.77
9/11/2021,1:42,11.28
9/11/2021,1:48,10.81
9/11/2021,1:54,10.32
9/11/2021,2:00,9.8
9/11/2021,2:06,9.29
9/11/2021,2:12,8.75
9/11/2021,2:18,8.25
9/11/2021,2:24,7.81
9/11/2021,2:30,7.37
9/11/2021,2:36,6.91
9/11/2021,2:42,6.44
9/11/2021,2:48,5.95
9/11/2021,2:54,5.46
9/11/2021,3:00,4.99
9/11/2021,3:06,4.53
9/11/2021,3:12,4.07
9/11/2021,3:18,3.61
9/11/2021,3:24,3.14
9/11/2021,3:30,2.67
9/11/2021,3:36,2.19
9/11/2021,3:42,1.74
9/11/2021,3:48,1.33
9/11/2021,3:54,0.95
9/11/2021,4:00,0.6
9/11/2021,4:06,0.25
9/11/2021,4:12,-0.07
9/11/2021,4:18,-0.34
9/11/2021,4:24,-0.56
9/11/2021,4:30,-0.7
9/11/2021,4:36,-0.75
9/11/2021,4:42,-0.64
9/11/2021,4:48,-0.32
9/11/2021,4:54,0.26
9/11/2021,5:00,1.06
9/11/2021,5:06,2.02
9/11/2021,5:12,3.11
9/11/2021,5:18,4.26
9/11/2021,5:24,5.37
9/11/2021,5:30,6.39
9/11/2021,5:36,7.31
9/11/2021,5:42,8.17
9/11/2021,5:48,9.01
9/11/2021,5:54,9.89
9/11/2021,6:00,10.78
9/11/2021,6:06,11.62
9/11/2021,6:12,12.49
9/11/2021,6:18,13.28
9/11/2021,6:24,14.04
9/11/2021,6:30,14.77
9/11/2021,6:36,15.54
9/11/2021,6:42,16.18
9/11/2021,6:48,16.67
9/11/2021,6:54,17.29
9/11/2021,7:00,18.02
9/11/2021,7:06,18.68
9/11/2021,7:12,19.24
9/11/2021,7:18,19.91
9/11/2021,7:24,20.52
9/11/2021,7:30,21.22
9/11/2021,7:36,21.8
9/11/2021,7:42,22.31
9/11/2021,7:48,22.73
9/11/2021,7:54,23.1
9/11/2021,8:00,23.56
9/11/2021,8:06,24.05
9/11/2021,8:12,24.52
9/11/2021,8:18,24.9
9/11/2021,8:24,25.32
9/11/2021,8:30,25.67
9/11/2021,8:36,26.03
9/11/2021,8:42,26.42
9/11/2021,8:48,26.76
9/11/2021,8:54,27.1
9/11/2021,9:00,27.41
9/11/2021,9:06,27.67
9/11/2021,9:12,27.95
9/11/2021,9:18,28.17
9/11/2021,9:24,28.39
9/11/2021,9:30,28.57
9/11/2021,9:36,28.74
9/11/2021,9:42,28.87
9/11/2021,9:48,28.98
9/11/2021,9:54,29.05
9/11/2021,10:00,29.09
9/11/2021,10:06,29.1
9/11/2021,10:12,29.07
9/11/2021,10:18,28.99
9/11/2021,10:24,28.86
9/11/2021,10:30,28.68
9/11/2021,10:36,28.46
9/11/2021,10:42,28.2
9/11/2021,10:48,27.9
9/11/2021,10:54,27.56
9/11/2021,11:00,27.19
9/11/2021,11:06,26.82
9/11/2021,11:12,26.41
9/11/2021,11:18,25.99
9/11/2021,11:24,25.55
9/11/2021,11:30,25.1
9/11/2021,11:36,24.61
9/11/2021,11:42,24.09
9/11/2021,11:48,23.57
9/11/2021,11:54,23.01
9/11/2021,12:00,22.46
9/11/2021,12:06,21.88
9/11/2021,12:12,21.31
9/11/2021,12:18,20.76
9/11/2021,12:24,20.2
9/11/2021,12:30,19.65
9/11/2021,12:36,19.08
9/11/2021,12:42,18.5
9/11/2021,12:48,17.95
9/11/2021,12:54,17.38
9/11/2021,13:00,16.81
9/11/2021,13:06,16.23
9/11/2021,13:12,15.66
9/11/2021,13:18,15.1
9/11/2021,13:24,14.58
9/11/2021,13:30,14.05
9/11/2021,13:36,13.51
9/11/2021,13:42,12.97
9/11/2021,13:48,12.45
9/11/2021,13:54,11.93
9/11/2021,14:00,11.43
9/11/2021,14:06,10.93
9/11/2021,14:12,10.42
9/11/2021,14:18,9.95
9/11/2021,14:24,9.53
9/11/2021,14:30,9.09
9/11/2021,14:36,8.6
9/11/2021,14:42,8.09
9/11/2021,14:48,7.6
9/11/2021,14:54,7.17
9/11/2021,15:00,6.77
9/11/2021,15:06,6.38
9/11/2021,15:12,5.99
9/11/2021,15:18,5.59
9/11/2021,15:24,5.19
9/11/2021,15:30,4.78
9/11/2021,15:36,4.37
9/11/2021,15:42,3.97
9/11/2021,15:48,3.56
9/11/2021,15:54,3.18
9/11/2021,16:00,2.82
9/11/2021,16:06,2.48
9/11/2021,16:12,2.17
9/11/2021,16:18,1.88
9/11/2021,16:24,1.69
9/11/2021,16:30,1.59
9/11/2021,16:36,1.59
9/11/2021,16:42,1.72
9/11/2021,16:48,2.04
9/11/2021,16:54,2.61
9/11/2021,17:00,3.37
9/11/2021,17:06,4.28
9/11/2021,17:12,5.26
9/11/2021,17:18,6.25
9/11/2021,17:24,7.21
9/11/2021,17:30,8.1
9/11/2021,17:36,9.02
9/11/2021,17:42,9.93
9/11/2021,17:48,10.76
9/11/2021,17:54,11.59
9/11/2021,18:00,12.39
9/11/2021,18:06,13.2
9/11/2021,18:12,13.98
9/11/2021,18:18,14.64
9/11/2021,18:24,15.34
9/11/2021,18:30,16.07
9/11/2021,18:36,16.77
9/11/2021,18:42,17.43
9/11/2021,18:48,18.15
9/11/2021,18:54,18.84
9/11/2021,19:00,19.41
9/11/2021,19:06,19.96
9/11/2021,19:12,20.53
9/11/2021,19:18,21.18
9/11/2021,19:24,21.85
9/11/2021,19:30,22.43
9/11/2021,19:36,22.92
9/11/2021,19:42,23.37
9/11/2021,19:48,23.83
9/11/2021,19:54,24.3
9/11/2021,20:00,24.8
9/11/2021,20:06,25.25
9/11/2021,20:12,25.73
9/11/2021,20:18,26.17
9/11/2021,20:24,26.56
9/11/2021,20:30,26.9
9/11/2021,20:36,27.37
9/11/2021,20:42,27.76
9/11/2021,20:48,28.13
9/11/2021,20:54,28.47
9/11/2021,21:00,28.8
9/11/2021,21:06,29.07
9/11/2021,21:12,29.33
9/11/2021,21:18,29.6
9/11/2021,21:24,29.84
9/11/2021,21:30,30.07
9/11/2021,21:36,30.27
9/11/2021,21:42,30.43
9/11/2021,21:48,30.56
9/11/2021,21:54,30.66
9/11/2021,22:00,30.75
9/11/2021,22:06,30.77
9/11/2021,22:12,30.74
9/11/2021,22:18,30.68
9/11/2021,22:24,30.57
9/11/2021,22:30,30.39
9/11/2021,22:36,30.15
9/11/2021,22:42,29.86
9/11/2021,22:48,29.55
9/11/2021,22:54,29.22
9/11/2021,23:00,28.84
9/11/2021,23:06,28.46
9/11/2021,23:12,28.06
9/11/2021,23:18,27.64
9/11/2021,23:24,27.22
9/11/2021,23:30,26.75
9/11/2021,23:36,26.26
9/11/2021,23:42,25.74
9/11/2021,23:48,25.21
9/11/2021,23:54,24.66
9/17/2021,0:00,13.3
9/17/2021,0:06,13.86
9/17/2021,0:12,14.42
9/17/2021,0:18,14.97
9/17/2021,0:24,15.52
9/17/2021,0:30,16.05
9/17/2021,0:36,16.6
9/17/2021,0:42,17.13
9/17/2021,0:48,17.64
9/17/2021,0:54,18.17
9/17/2021,1:00,18.67
9/17/2021,1:06,19.2
9/17/2021,1:12,19.72
9/17/2021,1:18,20.24
9/17/2021,1:24,20.63
9/17/2021,1:30,21
9/17/2021,1:36,21.38
9/17/2021,1:42,21.77
9/17/2021,1:48,22.14
9/17/2021,1:54,22.49
9/17/2021,2:00,22.81
9/17/2021,2:06,23.15
9/17/2021,2:12,23.48
9/17/2021,2:18,23.8
9/17/2021,2:24,24.08
9/17/2021,2:30,24.39
9/17/2021,2:36,24.69
9/17/2021,2:42,24.98
9/17/2021,2:48,25.28
9/17/2021,2:54,25.57
9/17/2021,3:00,25.85
9/17/2021,3:06,26.09
9/17/2021,3:12,26.31
9/17/2021,3:18,26.5
9/17/2021,3:24,26.66
9/17/2021,3:30,26.8
9/17/2021,3:36,26.9
9/17/2021,3:42,26.99
9/17/2021,3:48,27.05
9/17/2021,3:54,27.08
9/17/2021,4:00,27.08
9/17/2021,4:06,27.07
9/17/2021,4:12,27.02
9/17/2021,4:18,26.94
9/17/2021,4:24,26.82
9/17/2021,4:30,26.67
9/17/2021,4:36,26.5
9/17/2021,4:42,26.3
9/17/2021,4:48,26.07
9/17/2021,4:54,25.83
9/17/2021,5:00,25.57
9/17/2021,5:06,25.29
9/17/2021,5:12,24.98
9/17/2021,5:18,24.67
9/17/2021,5:24,24.33
9/17/2021,5:30,23.95
9/17/2021,5:36,23.58
9/17/2021,5:42,23.17
9/17/2021,5:48,22.74
9/17/2021,5:54,22.29
9/17/2021,6:00,21.81
9/17/2021,6:06,21.32
9/17/2021,6:12,20.82
9/17/2021,6:18,20.31
9/17/2021,6:24,19.78
9/17/2021,6:30,19.26
9/17/2021,6:36,18.72
9/17/2021,6:42,18.2
9/17/2021,6:48,17.68
9/17/2021,6:54,17.17
9/17/2021,7:00,16.67
9/17/2021,7:06,16.18
9/17/2021,7:12,15.71
9/17/2021,7:18,15.24
9/17/2021,7:24,14.76
9/17/2021,7:30,14.28
9/17/2021,7:36,13.8
9/17/2021,7:42,13.33
9/17/2021,7:48,12.87
9/17/2021,7:54,12.41
9/17/2021,8:00,11.97
9/17/2021,8:06,11.54
9/17/2021,8:12,11.1
9/17/2021,8:18,10.67
9/17/2021,8:24,10.23
9/17/2021,8:30,9.79
9/17/2021,8:36,9.34
9/17/2021,8:42,8.9
9/17/2021,8:48,8.47
9/17/2021,8:54,8.04
9/17/2021,9:00,7.62
9/17/2021,9:06,7.2
9/17/2021,9:12,6.78
9/17/2021,9:18,6.37
9/17/2021,9:24,5.98
9/17/2021,9:30,5.6
9/17/2021,9:36,5.22
9/17/2021,9:42,4.84
9/17/2021,9:48,4.45
9/17/2021,9:54,4.07
9/17/2021,10:00,3.67
9/17/2021,10:06,3.29
9/17/2021,10:12,2.92
9/17/2021,10:18,2.57
9/17/2021,10:24,2.24
9/17/2021,10:30,1.93
9/17/2021,10:36,1.65
9/17/2021,10:42,1.4
9/17/2021,10:48,1.18
9/17/2021,10:54,0.98
9/17/2021,11:00,0.83
9/17/2021,11:06,0.72
9/17/2021,11:12,0.67
9/17/2021,11:18,0.68
9/17/2021,11:24,0.79
9/17/2021,11:30,1.03
9/17/2021,11:36,1.39
9/17/2021,11:42,1.89
9/17/2021,11:48,2.52
9/17/2021,11:54,3.22
9/17/2021,12:00,3.98
9/17/2021,12:06,4.77
9/17/2021,12:12,5.56
9/17/2021,12:18,6.33
9/17/2021,12:24,7.09
9/17/2021,12:30,7.83
9/17/2021,12:36,8.57
9/17/2021,12:42,9.32
9/17/2021,12:48,10.06
9/17/2021,12:54,10.77
9/17/2021,13:00,11.48
9/17/2021,13:06,12.16
9/17/2021,13:12,12.8
9/17/2021,13:18,13.42
9/17/2021,13:24,14.06
9/17/2021,13:30,14.64
9/17/2021,13:36,15.27
9/17/2021,13:42,16.03
9/17/2021,13:48,16.64
9/17/2021,13:54,17.08
9/17/2021,14:00,17.55
9/17/2021,14:06,18.12
9/17/2021,14:12,18.66
9/17/2021,14:18,19.2
9/17/2021,14:24,19.74
9/17/2021,14:30,20.24
9/17/2021,14:36,20.72
9/17/2021,14:42,21.13
9/17/2021,14:48,21.52
9/17/2021,14:54,21.93
9/17/2021,15:00,22.34
9/17/2021,15:06,22.77
9/17/2021,15:12,23.18
9/17/2021,15:18,23.55
9/17/2021,15:24,23.91
9/17/2021,15:30,24.27
9/17/2021,15:36,24.62
9/17/2021,15:42,25
9/17/2021,15:48,25.36
9/17/2021,15:54,25.67
9/17/2021,16:00,26.01
9/17/2021,16:06,26.32
9/17/2021,16:12,26.6
9/17/2021,16:18,26.89
9/17/2021,16:24,27.15
9/17/2021,16:30,27.38
9/17/2021,16:36,27.59
9/17/2021,16:42,27.79
9/17/2021,16:48,27.94
9/17/2021,16:54,28.07
9/17/2021,17:00,28.17
9/17/2021,17:06,28.23
9/17/2021,17:12,28.29
9/17/2021,17:18,28.3
9/17/2021,17:24,28.27
9/17/2021,17:30,28.22
9/17/2021,17:36,28.11
9/17/2021,17:42,27.98
9/17/2021,17:48,27.8
9/17/2021,17:54,27.6
9/17/2021,18:00,27.36
9/17/2021,18:06,27.09
9/17/2021,18:12,26.81
9/17/2021,18:18,26.52
9/17/2021,18:24,26.22
9/17/2021,18:30,25.89
9/17/2021,18:36,25.53
9/17/2021,18:42,25.16
9/17/2021,18:48,24.78
9/17/2021,18:54,24.35
9/17/2021,19:00,23.92
9/17/2021,19:06,23.44
9/17/2021,19:12,22.97
9/17/2021,19:18,22.47
9/17/2021,19:24,21.97
9/17/2021,19:30,21.44
9/17/2021,19:36,20.91
9/17/2021,19:42,20.37
9/17/2021,19:48,19.85
9/17/2021,19:54,19.33
9/17/2021,20:00,18.81
9/17/2021,20:06,18.29
9/17/2021,20:12,17.77
9/17/2021,20:18,17.25
9/17/2021,20:24,16.74
9/17/2021,20:30,16.25
9/17/2021,20:36,15.77
9/17/2021,20:42,15.3
9/17/2021,20:48,14.81
9/17/2021,20:54,14.33
9/17/2021,21:00,13.87
9/17/2021,21:06,13.41
9/17/2021,21:12,12.98
9/17/2021,21:18,12.56
9/17/2021,21:24,12.14
9/17/2021,21:30,11.71
9/17/2021,21:36,11.28
9/17/2021,21:42,10.86
9/17/2021,21:48,10.44
9/17/2021,21:54,10.03
9/17/2021,22:00,9.64
9/17/2021,22:06,9.27
9/17/2021,22:12,8.88
9/17/2021,22:18,8.48
9/17/2021,22:24,8.1
9/17/2021,22:30,7.72
9/17/2021,22:36,7.38
9/17/2021,22:42,7.07
9/17/2021,22:48,6.77
9/17/2021,22:54,6.49
9/17/2021,23:00,6.18
9/17/2021,23:06,5.92
9/17/2021,23:12,5.66
9/17/2021,23:18,5.45
9/17/2021,23:24,5.27
9/17/2021,23:30,5.14
9/17/2021,23:36,5.05
9/17/2021,23:42,5.03
9/17/2021,23:48,5.12
9/17/2021,23:54,5.29
10/4/2021,0:00,3.21
10/4/2021,0:06,3.19
10/4/2021,0:12,3.26
10/4/2021,0:18,3.44
10/4/2021,0:24,3.77
10/4/2021,0:30,4.28
10/4/2021,0:36,4.89
10/4/2021,0:42,5.6
10/4/2021,0:48,6.36
10/4/2021,0:54,7.12
10/4/2021,1:00,7.9
10/4/2021,1:06,8.74
10/4/2021,1:12,9.5
10/4/2021,1:18,10.25
10/4/2021,1:24,10.99
10/4/2021,1:30,11.63
10/4/2021,1:36,12.32
10/4/2021,1:42,12.96
10/4/2021,1:48,13.57
10/4/2021,1:54,14.17
10/4/2021,2:00,14.74
10/4/2021,2:06,15.31
10/4/2021,2:12,15.91
10/4/2021,2:18,16.55
10/4/2021,2:24,17.27
10/4/2021,2:30,17.89
10/4/2021,2:36,18.55
10/4/2021,2:42,19.01
10/4/2021,2:48,19.47
10/4/2021,2:54,19.95
10/4/2021,3:00,20.43
10/4/2021,3:06,20.95
10/4/2021,3:12,21.42
10/4/2021,3:18,21.83
10/4/2021,3:24,22.21
10/4/2021,3:30,22.64
10/4/2021,3:36,23.06
10/4/2021,3:42,23.46
10/4/2021,3:48,23.83
10/4/2021,3:54,24.21
10/4/2021,4:00,24.52
10/4/2021,4:06,24.84
10/4/2021,4:12,25.16
10/4/2021,4:18,25.51
10/4/2021,4:24,25.84
10/4/2021,4:30,26.13
10/4/2021,4:36,26.42
10/4/2021,4:42,26.68
10/4/2021,4:48,26.9
10/4/2021,4:54,27.12
10/4/2021,5:00,27.33
10/4/2021,5:06,27.5
10/4/2021,5:12,27.61
10/4/2021,5:18,27.7
10/4/2021,5:24,27.76
10/4/2021,5:30,27.77
10/4/2021,5:36,27.75
10/4/2021,5:42,27.7
10/4/2021,5:48,27.6
10/4/2021,5:54,27.43
10/4/2021,6:00,27.22
10/4/2021,6:06,26.99
10/4/2021,6:12,26.73
10/4/2021,6:18,26.42
10/4/2021,6:24,26.11
10/4/2021,6:30,25.78
10/4/2021,6:36,25.44
10/4/2021,6:42,25.08
10/4/2021,6:48,24.68
10/4/2021,6:54,24.28
10/4/2021,7:00,23.88
10/4/2021,7:06,23.43
10/4/2021,7:12,22.95
10/4/2021,7:18,22.47
10/4/2021,7:24,21.95
10/4/2021,7:30,21.43
10/4/2021,7:36,20.9
10/4/2021,7:42,20.35
10/4/2021,7:48,19.8
10/4/2021,7:54,19.22
10/4/2021,8:00,18.67
10/4/2021,8:06,18.14
10/4/2021,8:12,17.61
10/4/2021,8:18,17.11
10/4/2021,8:24,16.6
10/4/2021,8:30,16.09
10/4/2021,8:36,15.57
10/4/2021,8:42,15.04
10/4/2021,8:48,14.5
10/4/2021,8:54,13.96
10/4/2021,9:00,13.43
10/4/2021,9:06,12.91
10/4/2021,9:12,12.41
10/4/2021,9:18,11.92
10/4/2021,9:24,11.44
10/4/2021,9:30,10.94
10/4/2021,9:36,10.44
10/4/2021,9:42,9.93
10/4/2021,9:48,9.46
10/4/2021,9:54,8.99
10/4/2021,10:00,8.53
10/4/2021,10:06,8.09
10/4/2021,10:12,7.61
10/4/2021,10:18,7.1
10/4/2021,10:24,6.59
10/4/2021,10:30,6.14
10/4/2021,10:36,5.7
10/4/2021,10:42,5.28
10/4/2021,10:48,4.86
10/4/2021,10:54,4.45
10/4/2021,11:00,4.04
10/4/2021,11:06,3.6
10/4/2021,11:12,3.15
10/4/2021,11:18,2.68
10/4/2021,11:24,2.22
10/4/2021,11:30,1.8
10/4/2021,11:36,1.4
10/4/2021,11:42,1.03
10/4/2021,11:48,0.69
10/4/2021,11:54,0.37
10/4/2021,12:00,0.05
10/4/2021,12:06,-0.2
10/4/2021,12:12,-0.44
10/4/2021,12:18,-0.63
10/4/2021,12:24,-0.75
10/4/2021,12:30,-0.79
10/4/2021,12:36,-0.73
10/4/2021,12:42,-0.51
10/4/2021,12:48,-0.09
10/4/2021,12:54,0.54
10/4/2021,13:00,1.33
10/4/2021,13:06,2.26
10/4/2021,13:12,3.27
10/4/2021,13:18,4.28
10/4/2021,13:24,5.28
10/4/2021,13:30,6.19
10/4/2021,13:36,7.06
10/4/2021,13:42,7.87
10/4/2021,13:48,8.71
10/4/2021,13:54,9.58
10/4/2021,14:00,10.41
10/4/2021,14:06,11.23
10/4/2021,14:12,12.05
10/4/2021,14:18,12.86
10/4/2021,14:24,13.6
10/4/2021,14:30,14.3
10/4/2021,14:36,14.98
10/4/2021,14:42,15.63
10/4/2021,14:48,16.16
10/4/2021,14:54,16.83
10/4/2021,15:00,17.54
10/4/2021,15:06,18.1
10/4/2021,15:12,18.71
10/4/2021,15:18,19.34
10/4/2021,15:24,19.91
10/4/2021,15:30,20.51
10/4/2021,15:36,21.12
10/4/2021,15:42,21.63
10/4/2021,15:48,22.1
10/4/2021,15:54,22.5
10/4/2021,16:00,22.9
10/4/2021,16:06,23.37
10/4/2021,16:12,23.86
10/4/2021,16:18,24.3
10/4/2021,16:24,24.68
10/4/2021,16:30,25.09
10/4/2021,16:36,25.46
10/4/2021,16:42,25.81
10/4/2021,16:48,26.21
10/4/2021,16:54,26.57
10/4/2021,17:00,26.89
10/4/2021,17:06,27.2
10/4/2021,17:12,27.52
10/4/2021,17:18,27.78
10/4/2021,17:24,28.04
10/4/2021,17:30,28.29
10/4/2021,17:36,28.5
10/4/2021,17:42,28.66
10/4/2021,17:48,28.8
10/4/2021,17:54,28.9
10/4/2021,18:00,28.99
10/4/2021,18:06,29.04
10/4/2021,18:12,29.04
10/4/2021,18:18,28.99
10/4/2021,18:24,28.89
10/4/2021,18:30,28.74
10/4/2021,18:36,28.55
10/4/2021,18:42,28.32
10/4/2021,18:48,28.06
10/4/2021,18:54,27.74
10/4/2021,19:00,27.42
10/4/2021,19:06,27.07
10/4/2021,19:12,26.7
10/4/2021,19:18,26.32
10/4/2021,19:24,25.93
10/4/2021,19:30,25.48
10/4/2021,19:36,25.05
10/4/2021,19:42,24.57
10/4/2021,19:48,24.06
10/4/2021,19:54,23.53
10/4/2021,20:00,23
10/4/2021,20:06,22.47
10/4/2021,20:12,21.91
10/4/2021,20:18,21.34
10/4/2021,20:24,20.76
10/4/2021,20:30,20.22
10/4/2021,20:36,19.66
10/4/2021,20:42,19.1
10/4/2021,20:48,18.56
10/4/2021,20:54,18.01
10/4/2021,21:00,17.47
10/4/2021,21:06,16.94
10/4/2021,21:12,16.39
10/4/2021,21:18,15.83
10/4/2021,21:24,15.29
10/4/2021,21:30,14.74
10/4/2021,21:36,14.2
10/4/2021,21:42,13.68
10/4/2021,21:48,13.18
10/4/2021,21:54,12.67
10/4/2021,22:00,12.18
10/4/2021,22:06,11.67
10/4/2021,22:12,11.17
10/4/2021,22:18,10.66
10/4/2021,22:24,10.18
10/4/2021,22:30,9.72
10/4/2021,22:36,9.26
10/4/2021,22:42,8.81
10/4/2021,22:48,8.36
10/4/2021,22:54,7.91
10/4/2021,23:00,7.44
10/4/2021,23:06,6.96
10/4/2021,23:12,6.5
10/4/2021,23:18,6.07
10/4/2021,23:24,5.67
10/4/2021,23:30,5.27
10/4/2021,23:36,4.86
10/4/2021,23:42,4.4
10/4/2021,23:48,4.02
10/4/2021,23:54,3.63
10/6/2021,0:00,5.1
10/6/2021,0:06,4.61
10/6/2021,0:12,4.14
10/6/2021,0:18,3.7
10/6/2021,0:24,3.26
10/6/2021,0:30,2.84
10/6/2021,0:36,2.42
10/6/2021,0:42,2.02
10/6/2021,0:48,1.6
10/6/2021,0:54,1.2
10/6/2021,1:00,0.82
10/6/2021,1:06,0.46
10/6/2021,1:12,0.14
10/6/2021,1:18,-0.13
10/6/2021,1:24,-0.31
10/6/2021,1:30,-0.4
10/6/2021,1:36,-0.37
10/6/2021,1:42,-0.13
10/6/2021,1:48,0.41
10/6/2021,1:54,1.2
10/6/2021,2:00,2.19
10/6/2021,2:06,3.36
10/6/2021,2:12,4.61
10/6/2021,2:18,5.8
10/6/2021,2:24,6.86
10/6/2021,2:30,7.82
10/6/2021,2:36,8.7
10/6/2021,2:42,9.59
10/6/2021,2:48,10.55
10/6/2021,2:54,11.45
10/6/2021,3:00,12.31
10/6/2021,3:06,13.21
10/6/2021,3:12,14.04
10/6/2021,3:18,14.8
10/6/2021,3:24,15.55
10/6/2021,3:30,16.27
10/6/2021,3:36,16.9
10/6/2021,3:42,17.49
10/6/2021,3:48,18.22
10/6/2021,3:54,18.92
10/6/2021,4:00,19.6
10/6/2021,4:06,20.25
10/6/2021,4:12,20.9
10/6/2021,4:18,21.58
10/6/2021,4:24,22.25
10/6/2021,4:30,22.8
10/6/2021,4:36,23.3
10/6/2021,4:42,23.8
10/6/2021,4:48,24.3
10/6/2021,4:54,24.81
10/6/2021,5:00,25.31
10/6/2021,5:06,25.79
10/6/2021,5:12,26.22
10/6/2021,5:18,26.64
10/6/2021,5:24,27.05
10/6/2021,5:30,27.48
10/6/2021,5:36,27.9
10/6/2021,5:42,28.26
10/6/2021,5:48,28.65
10/6/2021,5:54,28.97
10/6/2021,6:00,29.25
10/6/2021,6:06,29.51
10/6/2021,6:12,29.79
10/6/2021,6:18,30.05
10/6/2021,6:24,30.25
10/6/2021,6:30,30.42
10/6/2021,6:36,30.56
10/6/2021,6:42,30.7
10/6/2021,6:48,30.82
10/6/2021,6:54,30.87
10/6/2021,7:00,30.86
10/6/2021,7:06,30.8
10/6/2021,7:12,30.64
10/6/2021,7:18,30.44
10/6/2021,7:24,30.19
10/6/2021,7:30,29.91
10/6/2021,7:36,29.55
10/6/2021,7:42,29.18
10/6/2021,7:48,28.77
10/6/2021,7:54,28.35
10/6/2021,8:00,27.92
10/6/2021,8:06,27.47
10/6/2021,8:12,26.99
10/6/2021,8:18,26.52
10/6/2021,8:24,26.01
10/6/2021,8:30,25.46
10/6/2021,8:36,24.9
10/6/2021,8:42,24.35
10/6/2021,8:48,23.77
10/6/2021,8:54,23.19
10/6/2021,9:00,22.61
10/6/2021,9:06,22.03
10/6/2021,9:12,21.45
10/6/2021,9:18,20.85
10/6/2021,9:24,20.24
10/6/2021,9:30,19.66
10/6/2021,9:36,19.05
10/6/2021,9:42,18.43
10/6/2021,9:48,17.83
10/6/2021,9:54,17.24
10/6/2021,10:00,16.62
10/6/2021,10:06,16.02
10/6/2021,10:12,15.43
10/6/2021,10:18,14.85
10/6/2021,10:24,14.28
10/6/2021,10:30,13.73
10/6/2021,10:36,13.17
10/6/2021,10:42,12.59
10/6/2021,10:48,12.04
10/6/2021,10:54,11.54
10/6/2021,11:00,11.03
10/6/2021,11:06,10.51
10/6/2021,11:12,9.96
10/6/2021,11:18,9.44
10/6/2021,11:24,8.95
10/6/2021,11:30,8.47
10/6/2021,11:36,8.02
10/6/2021,11:42,7.61
10/6/2021,11:48,7.09
10/6/2021,11:54,6.59
10/6/2021,12:00,6.05
10/6/2021,12:06,5.51
10/6/2021,12:12,5.02
10/6/2021,12:18,4.53
10/6/2021,12:24,4.07
10/6/2021,12:30,3.61
10/6/2021,12:36,3.15
10/6/2021,12:42,2.7
10/6/2021,12:48,2.28
10/6/2021,12:54,1.83
10/6/2021,13:00,1.39
10/6/2021,13:06,0.97
10/6/2021,13:12,0.57
10/6/2021,13:18,0.18
10/6/2021,13:24,-0.17
10/6/2021,13:30,-0.45
10/6/2021,13:36,-0.69
10/6/2021,13:42,-0.85
10/6/2021,13:48,-0.88
10/6/2021,13:54,-0.76
10/6/2021,14:00,-0.41
10/6/2021,14:06,0.31
10/6/2021,14:12,1.26
10/6/2021,14:18,2.43
10/6/2021,14:24,3.77
10/6/2021,14:30,5.1
10/6/2021,14:36,6.28
10/6/2021,14:42,7.31
10/6/2021,14:48,8.29
10/6/2021,14:54,9.21
10/6/2021,15:00,10.14
10/6/2021,15:06,11.12
10/6/2021,15:12,12.09
10/6/2021,15:18,13.05
10/6/2021,15:24,14.03
10/6/2021,15:30,14.82
10/6/2021,15:36,15.63
10/6/2021,15:42,16.44
10/6/2021,15:48,17.11
10/6/2021,15:54,17.65
10/6/2021,16:00,18.31
10/6/2021,16:06,19.14
10/6/2021,16:12,19.87
10/6/2021,16:18,20.58
10/6/2021,16:24,21.24
10/6/2021,16:30,21.88
10/6/2021,16:36,22.58
10/6/2021,16:42,23.24
10/6/2021,16:48,23.75
10/6/2021,16:54,24.3
10/6/2021,17:00,24.82
10/6/2021,17:06,25.31
10/6/2021,17:12,25.81
10/6/2021,17:18,26.31
10/6/2021,17:24,26.8
10/6/2021,17:30,27.26
10/6/2021,17:36,27.67
10/6/2021,17:42,28.12
10/6/2021,17:48,28.58
10/6/2021,17:54,29.02
10/6/2021,18:00,29.45
10/6/2021,18:06,29.77
10/6/2021,18:12,30.08
10/6/2021,18:18,30.38
10/6/2021,18:24,30.67
10/6/2021,18:30,30.96
10/6/2021,18:36,31.19
10/6/2021,18:42,31.44
10/6/2021,18:48,31.65
10/6/2021,18:54,31.81
10/6/2021,19:00,31.96
10/6/2021,19:06,32.01
10/6/2021,19:12,32.03
10/6/2021,19:18,32
10/6/2021,19:24,31.89
10/6/2021,19:30,31.74
10/6/2021,19:36,31.5
10/6/2021,19:42,31.2
10/6/2021,19:48,30.86
10/6/2021,19:54,30.5
10/6/2021,20:00,30.12
10/6/2021,20:06,29.68
10/6/2021,20:12,29.23
10/6/2021,20:18,28.77
10/6/2021,20:24,28.26
10/6/2021,20:30,27.74
10/6/2021,20:36,27.2
10/6/2021,20:42,26.63
10/6/2021,20:48,26.09
10/6/2021,20:54,25.53
10/6/2021,21:00,24.94
10/6/2021,21:06,24.35
10/6/2021,21:12,23.74
10/6/2021,21:18,23.16
10/6/2021,21:24,22.54
10/6/2021,21:30,21.91
10/6/2021,21:36,21.35
10/6/2021,21:42,20.76
10/6/2021,21:48,20.14
10/6/2021,21:54,19.51
10/6/2021,22:00,18.87
10/6/2021,22:06,18.22
10/6/2021,22:12,17.61
10/6/2021,22:18,17
10/6/2021,22:24,16.41
10/6/2021,22:30,15.84
10/6/2021,22:36,15.28
10/6/2021,22:42,14.72
10/6/2021,22:48,14.13
10/6/2021,22:54,13.54
10/6/2021,23:00,13.02
10/6/2021,23:06,12.49
10/6/2021,23:12,11.95
10/6/2021,23:18,11.42
10/6/2021,23:24,10.9
10/6/2021,23:30,10.37
10/6/2021,23:36,9.82
10/6/2021,23:42,9.29
10/6/2021,23:48,8.84
10/6/2021,23:54,8.46
10/7/2021,0:00,7.97
10/7/2021,0:06,7.45
10/7/2021,0:12,6.96
10/7/2021,0:18,6.45
10/7/2021,0:24,5.93
10/7/2021,0:30,5.41
10/7/2021,0:36,4.94
10/7/2021,0:42,4.45
10/7/2021,0:48,3.96
10/7/2021,0:54,3.46
10/7/2021,1:00,2.98
10/7/2021,1:06,2.5
10/7/2021,1:12,2.01
10/7/2021,1:18,1.5
10/7/2021,1:24,1.04
10/7/2021,1:30,0.61
10/7/2021,1:36,0.17
10/7/2021,1:42,-0.19
10/7/2021,1:48,-0.55
10/7/2021,1:54,-0.86
10/7/2021,2:00,-1.11
10/7/2021,2:06,-1.29
10/7/2021,2:12,-1.4
10/7/2021,2:18,-1.36
10/7/2021,2:24,-1.06
10/7/2021,2:30,-0.46
10/7/2021,2:36,0.45
10/7/2021,2:42,1.54
10/7/2021,2:48,2.83
10/7/2021,2:54,4.19
10/7/2021,3:00,5.45
10/7/2021,3:06,6.54
10/7/2021,3:12,7.55
10/7/2021,3:18,8.52
10/7/2021,3:24,9.48
10/7/2021,3:30,10.43
10/7/2021,3:36,11.42
10/7/2021,3:42,12.39
10/7/2021,3:48,13.34
10/7/2021,3:54,14.29
10/7/2021,4:00,15.11
10/7/2021,4:06,15.81
10/7/2021,4:12,16.53
10/7/2021,4:18,17.15
10/7/2021,4:24,17.77
10/7/2021,4:30,18.49
10/7/2021,4:36,19.25
10/7/2021,4:42,19.92
10/7/2021,4:48,20.6
10/7/2021,4:54,21.25
10/7/2021,5:00,21.89
10/7/2021,5:06,22.59
10/7/2021,5:12,23.18
10/7/2021,5:18,23.74
10/7/2021,5:24,24.25
10/7/2021,5:30,24.73
10/7/2021,5:36,25.22
10/7/2021,5:42,25.72
10/7/2021,5:48,26.21
10/7/2021,5:54,26.68
10/7/2021,6:00,27.1
10/7/2021,6:06,27.53
10/7/2021,6:12,28
10/7/2021,6:18,28.45
10/7/2021,6:24,28.85
10/7/2021,6:30,29.21
10/7/2021,6:36,29.53
10/7/2021,6:42,29.85
10/7/2021,6:48,30.14
10/7/2021,6:54,30.42
10/7/2021,7:00,30.68
10/7/2021,7:06,30.9
10/7/2021,7:12,31.1
10/7/2021,7:18,31.25
10/7/2021,7:24,31.38
10/7/2021,7:30,31.47
10/7/2021,7:36,31.49
10/7/2021,7:42,31.47
10/7/2021,7:48,31.39
10/7/2021,7:54,31.24
10/7/2021,8:00,31.04
10/7/2021,8:06,30.76
10/7/2021,8:12,30.45
10/7/2021,8:18,30.08
10/7/2021,8:24,29.69
10/7/2021,8:30,29.29
10/7/2021,8:36,28.85
10/7/2021,8:42,28.39
10/7/2021,8:48,27.9
10/7/2021,8:54,27.39
10/7/2021,9:00,26.86
10/7/2021,9:06,26.28
10/7/2021,9:12,25.69
10/7/2021,9:18,25.16
10/7/2021,9:24,24.6
10/7/2021,9:30,24.03
10/7/2021,9:36,23.45
10/7/2021,9:42,22.85
10/7/2021,9:48,22.23
10/7/2021,9:54,21.63
10/7/2021,10:00,20.98
10/7/2021,10:06,20.36
10/7/2021,10:12,19.73
10/7/2021,10:18,19.11
10/7/2021,10:24,18.51
10/7/2021,10:30,17.89
10/7/2021,10:36,17.25
10/7/2021,10:42,16.65
10/7/2021,10:48,16.08
10/7/2021,10:54,15.51
10/7/2021,11:00,14.94
10/7/2021,11:06,14.38
10/7/2021,11:12,13.83
10/7/2021,11:18,13.28
10/7/2021,11:24,12.73
10/7/2021,11:30,12.2
10/7/2021,11:36,11.67
10/7/2021,11:42,11.15
10/7/2021,11:48,10.61
10/7/2021,11:54,10.05
10/7/2021,12:00,9.49
10/7/2021,12:06,8.99
10/7/2021,12:12,8.52
10/7/2021,12:18,8.12
10/7/2021,12:24,7.66
10/7/2021,12:30,7.1
10/7/2021,12:36,6.66
10/7/2021,12:42,6.14
10/7/2021,12:48,5.63
10/7/2021,12:54,5.14
10/7/2021,13:00,4.64
10/7/2021,13:06,4.15
10/7/2021,13:12,3.68
10/7/2021,13:18,3.22
10/7/2021,13:24,2.77
10/7/2021,13:30,2.33
10/7/2021,13:36,1.88
10/7/2021,13:42,1.43
10/7/2021,13:48,1.02
10/7/2021,13:54,0.64
10/7/2021,14:00,0.3
10/7/2021,14:06,-0.03
10/7/2021,14:12,-0.26
10/7/2021,14:18,-0.45
10/7/2021,14:24,-0.5
10/7/2021,14:30,-0.4
10/7/2021,14:36,0.01
10/7/2021,14:42,0.77
10/7/2021,14:48,1.78
10/7/2021,14:54,2.97
10/7/2021,15:00,4.3
10/7/2021,15:06,5.65
10/7/2021,15:12,6.85
10/7/2021,15:18,7.91
10/7/2021,15:24,8.88
10/7/2021,15:30,9.81
10/7/2021,15:36,10.77
10/7/2021,15:42,11.75
10/7/2021,15:48,12.69
10/7/2021,15:54,13.66
10/7/2021,16:00,14.61
10/7/2021,16:06,15.39
10/7/2021,16:12,16.21
10/7/2021,16:18,17.02
10/7/2021,16:24,17.63
10/7/2021,16:30,18.29
10/7/2021,16:36,18.97
10/7/2021,16:42,19.72
10/7/2021,16:48,20.4
10/7/2021,16:54,21.08
10/7/2021,17:00,21.8
10/7/2021,17:06,22.41
10/7/2021,17:12,23.11
10/7/2021,17:18,23.75
10/7/2021,17:24,24.34
10/7/2021,17:30,24.87
10/7/2021,17:36,25.38
10/7/2021,17:42,25.92
10/7/2021,17:48,26.38
10/7/2021,17:54,26.94
10/7/2021,18:00,27.44
10/7/2021,18:06,27.84
10/7/2021,18:12,28.28
10/7/2021,18:18,28.78
10/7/2021,18:24,29.29
10/7/2021,18:30,29.71
10/7/2021,18:36,30.06
10/7/2021,18:42,30.34
10/7/2021,18:48,30.65
10/7/2021,18:54,30.98
10/7/2021,19:00,31.3
10/7/2021,19:06,31.58
10/7/2021,19:12,31.8
10/7/2021,19:18,31.98
10/7/2021,19:24,32.16
10/7/2021,19:30,32.31
10/7/2021,19:36,32.4
10/7/2021,19:42,32.45
10/7/2021,19:48,32.46
10/7/2021,19:54,32.39
10/7/2021,20:00,32.26
10/7/2021,20:06,32.05
10/7/2021,20:12,31.79
10/7/2021,20:18,31.47
10/7/2021,20:24,31.1
10/7/2021,20:30,30.72
10/7/2021,20:36,30.3
10/7/2021,20:42,29.87
10/7/2021,20:48,29.39
10/7/2021,20:54,28.91
10/7/2021,21:00,28.42
10/7/2021,21:06,27.89
10/7/2021,21:12,27.33
10/7/2021,21:18,26.75
10/7/2021,21:24,26.19
10/7/2021,21:30,25.62
10/7/2021,21:36,25.03
10/7/2021,21:42,24.44
10/7/2021,21:48,23.82
10/7/2021,21:54,23.2
10/7/2021,22:00,22.6
10/7/2021,22:06,21.95
10/7/2021,22:12,21.31
10/7/2021,22:18,20.69
10/7/2021,22:24,20.07
10/7/2021,22:30,19.44
10/7/2021,22:36,18.79
10/7/2021,22:42,18.14
10/7/2021,22:48,17.53
10/7/2021,22:54,16.94
10/7/2021,23:00,16.36
10/7/2021,23:06,15.78
10/7/2021,23:12,15.2
10/7/2021,23:18,14.64
10/7/2021,23:24,14.09
10/7/2021,23:30,13.54
10/7/2021,23:36,12.99
10/7/2021,23:42,12.44
10/7/2021,23:48,11.88
10/7/2021,23:54,11.34
10/8/2021,0:00,10.79
10/8/2021,0:06,10.26
10/8/2021,0:12,9.74
10/8/2021,0:18,9.22
10/8/2021,0:24,8.8
10/8/2021,0:30,8.31
10/8/2021,0:36,7.82
10/8/2021,0:42,7.3
10/8/2021,0:48,6.77
10/8/2021,0:54,6.25
10/8/2021,1:00,5.73
10/8/2021,1:06,5.22
10/8/2021,1:12,4.73
10/8/2021,1:18,4.22
10/8/2021,1:24,3.7
10/8/2021,1:30,3.18
10/8/2021,1:36,2.64
10/8/2021,1:42,2.12
10/8/2021,1:48,1.61
10/8/2021,1:54,1.12
10/8/2021,2:00,0.64
10/8/2021,2:06,0.18
10/8/2021,2:12,-0.24
10/8/2021,2:18,-0.66
10/8/2021,2:24,-1.03
10/8/2021,2:30,-1.39
10/8/2021,2:36,-1.71
10/8/2021,2:42,-1.99
10/8/2021,2:48,-2.2
10/8/2021,2:54,-2.29
10/8/2021,3:00,-2.2
10/8/2021,3:06,-1.81
10/8/2021,3:12,-1.05
10/8/2021,3:18,-0.01
10/8/2021,3:24,1.17
10/8/2021,3:30,2.55
10/8/2021,3:36,3.99
10/8/2021,3:42,5.29
10/8/2021,3:48,6.41
10/8/2021,3:54,7.45
10/8/2021,4:00,8.44
10/8/2021,4:06,9.4
10/8/2021,4:12,10.39
10/8/2021,4:18,11.4
10/8/2021,4:24,12.41
10/8/2021,4:30,13.41
10/8/2021,4:36,14.31
10/8/2021,4:42,15.14
10/8/2021,4:48,15.92
10/8/2021,4:54,16.64
10/8/2021,5:00,17.27
10/8/2021,5:06,17.93
10/8/2021,5:12,18.67
10/8/2021,5:18,19.33
10/8/2021,5:24,20
10/8/2021,5:30,20.72
10/8/2021,5:36,21.38
10/8/2021,5:42,22.02
10/8/2021,5:48,22.73
10/8/2021,5:54,23.32
10/8/2021,6:00,23.85
10/8/2021,6:06,24.35
10/8/2021,6:12,24.84
10/8/2021,6:18,25.36
10/8/2021,6:24,25.85
10/8/2021,6:30,26.38
10/8/2021,6:36,26.85
10/8/2021,6:42,27.26
10/8/2021,6:48,27.74
10/8/2021,6:54,28.22
10/8/2021,7:00,28.66
10/8/2021,7:06,29.06
10/8/2021,7:12,29.4
10/8/2021,7:18,29.68
10/8/2021,7:24,30.01
10/8/2021,7:30,30.31
10/8/2021,7:36,30.59
10/8/2021,7:42,30.89
10/8/2021,7:48,31.12
10/8/2021,7:54,31.31
10/8/2021,8:00,31.47
10/8/2021,8:06,31.61
10/8/2021,8:12,31.73
10/8/2021,8:18,31.74
10/8/2021,8:24,31.68
10/8/2021,8:30,31.59
10/8/2021,8:36,31.45
10/8/2021,8:42,31.26
10/8/2021,8:48,31
10/8/2021,8:54,30.69
10/8/2021,9:00,30.34
10/8/2021,9:06,29.95
10/8/2021,9:12,29.55
10/8/2021,9:18,29.12
10/8/2021,9:24,28.66
10/8/2021,9:30,28.19
10/8/2021,9:36,27.7
10/8/2021,9:42,27.18
10/8/2021,9:48,26.62
10/8/2021,9:54,26.07
10/8/2021,10:00,25.49
10/8/2021,10:06,24.93
10/8/2021,10:12,24.34
10/8/2021,10:18,23.78
10/8/2021,10:24,23.17
10/8/2021,10:30,22.56
10/8/2021,10:36,21.94
10/8/2021,10:42,21.36
10/8/2021,10:48,20.75
10/8/2021,10:54,20.13
10/8/2021,11:00,19.51
10/8/2021,11:06,18.9
10/8/2021,11:12,18.27
10/8/2021,11:18,17.66
10/8/2021,11:24,17.06
10/8/2021,11:30,16.48
10/8/2021,11:36,15.92
10/8/2021,11:42,15.37
10/8/2021,11:48,14.83
10/8/2021,11:54,14.26
10/8/2021,12:00,13.71
10/8/2021,12:06,13.18
10/8/2021,12:12,12.65
10/8/2021,12:18,12.12
10/8/2021,12:24,11.6
10/8/2021,12:30,11.08
10/8/2021,12:36,10.54
10/8/2021,12:42,10.02
10/8/2021,12:48,9.54
10/8/2021,12:54,9.07
10/8/2021,13:00,8.63
10/8/2021,13:06,8.14
10/8/2021,13:12,7.68
10/8/2021,13:18,7.22
10/8/2021,13:24,6.73
10/8/2021,13:30,6.26
10/8/2021,13:36,5.78
10/8/2021,13:42,5.31
10/8/2021,13:48,4.84
10/8/2021,13:54,4.35
10/8/2021,14:00,3.89
10/8/2021,14:06,3.42
10/8/2021,14:12,3
10/8/2021,14:18,2.62
10/8/2021,14:24,2.25
10/8/2021,14:30,1.89
10/8/2021,14:36,1.56
10/8/2021,14:42,1.28
10/8/2021,14:48,1.07
10/8/2021,14:54,0.94
10/8/2021,15:00,0.93
10/8/2021,15:06,1.14
10/8/2021,15:12,1.68
10/8/2021,15:18,2.53
10/8/2021,15:24,3.6
10/8/2021,15:30,4.85
10/8/2021,15:36,6.13
10/8/2021,15:42,7.36
10/8/2021,15:48,8.42
10/8/2021,15:54,9.41
10/8/2021,16:00,10.39
10/8/2021,16:06,11.32
10/8/2021,16:12,12.23
10/8/2021,16:18,13.18
10/8/2021,16:24,14.09
10/8/2021,16:30,14.96
10/8/2021,16:36,15.78
10/8/2021,16:42,16.59
10/8/2021,16:48,17.27
10/8/2021,16:54,18.05
10/8/2021,17:00,18.69
10/8/2021,17:06,19.38
10/8/2021,17:12,20.14
10/8/2021,17:18,20.83
10/8/2021,17:24,21.5
10/8/2021,17:30,22.18
10/8/2021,17:36,22.83
10/8/2021,17:42,23.53
10/8/2021,17:48,24.21
10/8/2021,17:54,24.79
10/8/2021,18:00,25.36
10/8/2021,18:06,25.92
10/8/2021,18:12,26.44
10/8/2021,18:18,26.95
10/8/2021,18:24,27.45
10/8/2021,18:30,27.9
10/8/2021,18:36,28.38
10/8/2021,18:42,28.86
10/8/2021,18:48,29.35
10/8/2021,18:54,29.85
10/8/2021,19:00,30.29
10/8/2021,19:06,30.62
10/8/2021,19:12,30.95
10/8/2021,19:18,31.29
10/8/2021,19:24,31.63
10/8/2021,19:30,31.98
10/8/2021,19:36,32.26
10/8/2021,19:42,32.52
10/8/2021,19:48,32.74
10/8/2021,19:54,32.95
10/8/2021,20:00,33.14
10/8/2021,20:06,33.26
10/8/2021,20:12,33.33
10/8/2021,20:18,33.36
10/8/2021,20:24,33.34
10/8/2021,20:30,33.23
10/8/2021,20:36,33.04
10/8/2021,20:42,32.79
10/8/2021,20:48,32.49
10/8/2021,20:54,32.16
10/8/2021,21:00,31.79
10/8/2021,21:06,31.39
10/8/2021,21:12,30.96
10/8/2021,21:18,30.51
10/8/2021,21:24,30.05
10/8/2021,21:30,29.56
10/8/2021,21:36,29.09
10/8/2021,21:42,28.54
10/8/2021,21:48,27.97
10/8/2021,21:54,27.4
10/8/2021,22:00,26.8
10/8/2021,22:06,26.2
10/8/2021,22:12,25.63
10/8/2021,22:18,25.03
10/8/2021,22:24,24.39
10/8/2021,22:30,23.74
10/8/2021,22:36,23.12
10/8/2021,22:42,22.51
10/8/2021,22:48,21.9
10/8/2021,22:54,21.27
10/8/2021,23:00,20.64
10/8/2021,23:06,20
10/8/2021,23:12,19.36
10/8/2021,23:18,18.72
10/8/2021,23:24,18.14
10/8/2021,23:30,17.57
10/8/2021,23:36,16.99
10/8/2021,23:42,16.4
10/8/2021,23:48,15.82
10/8/2021,23:54,15.26
10/11/2021,0:00,21
10/11/2021,0:06,20.4
10/11/2021,0:12,19.81
10/11/2021,0:18,19.22
10/11/2021,0:24,18.63
10/11/2021,0:30,18.05
10/11/2021,0:36,17.48
10/11/2021,0:42,16.9
10/11/2021,0:48,16.35
10/11/2021,0:54,15.81
10/11/2021,1:00,15.27
10/11/2021,1:06,14.74
10/11/2021,1:12,14.24
10/11/2021,1:18,13.72
10/11/2021,1:24,13.19
10/11/2021,1:30,12.68
10/11/2021,1:36,12.18
10/11/2021,1:42,11.68
10/11/2021,1:48,11.18
10/11/2021,1:54,10.68
10/11/2021,2:00,10.17
10/11/2021,2:06,9.66
10/11/2021,2:12,9.17
10/11/2021,2:18,8.7
10/11/2021,2:24,8.26
10/11/2021,2:30,7.84
10/11/2021,2:36,7.33
10/11/2021,2:42,6.84
10/11/2021,2:48,6.36
10/11/2021,2:54,5.88
10/11/2021,3:00,5.43
10/11/2021,3:06,4.96
10/11/2021,3:12,4.49
10/11/2021,3:18,4.02
10/11/2021,3:24,3.54
10/11/2021,3:30,3.08
10/11/2021,3:36,2.61
10/11/2021,3:42,2.14
10/11/2021,3:48,1.67
10/11/2021,3:54,1.22
10/11/2021,4:00,0.78
10/11/2021,4:06,0.34
10/11/2021,4:12,-0.07
10/11/2021,4:18,-0.45
10/11/2021,4:24,-0.8
10/11/2021,4:30,-1.14
10/11/2021,4:36,-1.45
10/11/2021,4:42,-1.72
10/11/2021,4:48,-1.95
10/11/2021,4:54,-2.12
10/11/2021,5:00,-2.2
10/11/2021,5:06,-2.18
10/11/2021,5:12,-2
10/11/2021,5:18,-1.6
10/11/2021,5:24,-1.03
10/11/2021,5:30,-0.29
10/11/2021,5:36,0.59
10/11/2021,5:42,1.56
10/11/2021,5:48,2.62
10/11/2021,5:54,3.64
10/11/2021,6:00,4.63
10/11/2021,6:06,5.58
10/11/2021,6:12,6.5
10/11/2021,6:18,7.37
10/11/2021,6:24,8.18
10/11/2021,6:30,9.07
10/11/2021,6:36,9.97
10/11/2021,6:42,10.76
10/11/2021,6:48,11.56
10/11/2021,6:54,12.28
10/11/2021,7:00,13.05
10/11/2021,7:06,13.74
10/11/2021,7:12,14.41
10/11/2021,7:18,15.01
10/11/2021,7:24,15.51
10/11/2021,7:30,16.14
10/11/2021,7:36,16.78
10/11/2021,7:42,17.36
10/11/2021,7:48,17.91
10/11/2021,7:54,18.49
10/11/2021,8:00,19.1
10/11/2021,8:06,19.63
10/11/2021,8:12,20.15
10/11/2021,8:18,20.66
10/11/2021,8:24,21.11
10/11/2021,8:30,21.53
10/11/2021,8:36,21.93
10/11/2021,8:42,22.37
10/11/2021,8:48,22.79
10/11/2021,8:54,23.19
10/11/2021,9:00,23.59
10/11/2021,9:06,23.96
10/11/2021,9:12,24.3
10/11/2021,9:18,24.67
10/11/2021,9:24,24.99
10/11/2021,9:30,25.31
10/11/2021,9:36,25.61
10/11/2021,9:42,25.92
10/11/2021,9:48,26.2
10/11/2021,9:54,26.46
10/11/2021,10:00,26.68
10/11/2021,10:06,26.89
10/11/2021,10:12,27.09
10/11/2021,10:18,27.28
10/11/2021,10:24,27.41
10/11/2021,10:30,27.48
10/11/2021,10:36,27.51
10/11/2021,10:42,27.53
10/11/2021,10:48,27.52
10/11/2021,10:54,27.48
10/11/2021,11:00,27.39
10/11/2021,11:06,27.28
10/11/2021,11:12,27.11
10/11/2021,11:18,26.88
10/11/2021,11:24,26.65
10/11/2021,11:30,26.39
10/11/2021,11:36,26.12
10/11/2021,11:42,25.81
10/11/2021,11:48,25.49
10/11/2021,11:54,25.16
10/11/2021,12:00,24.81
10/11/2021,12:06,24.43
10/11/2021,12:12,24.05
10/11/2021,12:18,23.62
10/11/2021,12:24,23.18
10/11/2021,12:30,22.69
10/11/2021,12:36,22.21
10/11/2021,12:42,21.72
10/11/2021,12:48,21.19
10/11/2021,12:54,20.65
10/11/2021,13:00,20.11
10/11/2021,13:06,19.57
10/11/2021,13:12,19.04
10/11/2021,13:18,18.52
10/11/2021,13:24,18
10/11/2021,13:30,17.5
10/11/2021,13:36,16.99
10/11/2021,13:42,16.48
10/11/2021,13:48,15.99
10/11/2021,13:54,15.49
10/11/2021,14:00,14.99
10/11/2021,14:06,14.51
10/11/2021,14:12,14.02
10/11/2021,14:18,13.53
10/11/2021,14:24,13.05
10/11/2021,14:30,12.58
10/11/2021,14:36,12.12
10/11/2021,14:42,11.66
10/11/2021,14:48,11.22
10/11/2021,14:54,10.78
10/11/2021,15:00,10.35
10/11/2021,15:06,9.93
10/11/2021,15:12,9.51
10/11/2021,15:18,9.13
10/11/2021,15:24,8.76
10/11/2021,15:30,8.41
10/11/2021,15:36,8.06
10/11/2021,15:42,7.7
10/11/2021,15:48,7.35
10/11/2021,15:54,7
10/11/2021,16:00,6.66
10/11/2021,16:06,6.33
10/11/2021,16:12,6.01
10/11/2021,16:18,5.71
10/11/2021,16:24,5.44
10/11/2021,16:30,5.21
10/11/2021,16:36,5.01
10/11/2021,16:42,4.86
10/11/2021,16:48,4.77
10/11/2021,16:54,4.77
10/11/2021,17:00,4.85
10/11/2021,17:06,5.07
10/11/2021,17:12,5.43
10/11/2021,17:18,5.92
10/11/2021,17:24,6.54
10/11/2021,17:30,7.23
10/11/2021,17:36,7.96
10/11/2021,17:42,8.72
10/11/2021,17:48,9.49
10/11/2021,17:54,10.24
10/11/2021,18:00,10.98
10/11/2021,18:06,11.69
10/11/2021,18:12,12.41
10/11/2021,18:18,13.04
10/11/2021,18:24,13.69
10/11/2021,18:30,14.29
10/11/2021,18:36,14.89
10/11/2021,18:42,15.46
10/11/2021,18:48,16.01
10/11/2021,18:54,16.61
10/11/2021,19:00,17.27
10/11/2021,19:06,17.96
10/11/2021,19:12,18.52
10/11/2021,19:18,19.09
10/11/2021,19:24,19.65
10/11/2021,19:30,20.21
10/11/2021,19:36,20.72
10/11/2021,19:42,21.22
10/11/2021,19:48,21.64
10/11/2021,19:54,22.07
10/11/2021,20:00,22.47
10/11/2021,20:06,22.88
10/11/2021,20:12,23.31
10/11/2021,20:18,23.71
10/11/2021,20:24,24.11
10/11/2021,20:30,24.48
10/11/2021,20:36,24.83
10/11/2021,20:42,25.17
10/11/2021,20:48,25.55
10/11/2021,20:54,25.94
10/11/2021,21:00,26.3
10/11/2021,21:06,26.66
10/11/2021,21:12,27.01
10/11/2021,21:18,27.29
10/11/2021,21:24,27.53
10/11/2021,21:30,27.78
10/11/2021,21:36,28.04
10/11/2021,21:42,28.3
10/11/2021,21:48,28.5
10/11/2021,21:54,28.69
10/11/2021,22:00,28.83
10/11/2021,22:06,28.97
10/11/2021,22:12,29.06
10/11/2021,22:18,29.11
10/11/2021,22:24,29.12
10/11/2021,22:30,29.09
10/11/2021,22:36,29.03
10/11/2021,22:42,28.92
10/11/2021,22:48,28.77
10/11/2021,22:54,28.57
10/11/2021,23:00,28.34
10/11/2021,23:06,28.09
10/11/2021,23:12,27.82
10/11/2021,23:18,27.52
10/11/2021,23:24,27.22
10/11/2021,23:30,26.89
10/11/2021,23:36,26.55
10/11/2021,23:42,26.18
10/11/2021,23:48,25.8
10/11/2021,23:54,25.39
